{
  "tipmass_at_max_power_g": 20.0,
  "f_sc_at_best_Hz": 17.91174820244535,
  "tipmass_max_power_mW": 273.6602717034368,
  "baseline_power_mW": 27.828914729893025,
  "tipmass_power_gain_x": 9.833666686594816
}